export_presets.cfg	febcf5b02609f3eba531e622ce17dae2e087c4fd6344490723f43383115c6208	2758
game/resources/facades/batch_02_material_registry.json	e7d1167869640867e2857de1f08df81e878e68230b59feff3fb947b16ff56cb7	4703
game/resources/facades/batch_03_material_registry.json	31983ae1529e6248e93ec8d231d2b870de3979778b35eef6019cd19e1a964516	6414
game/resources/facades/batch_04_material_registry.json	b4c5983a628d076cda0aaa24d0023fc7a43983fd6c00f82c9806871af0409cf7	18810
game/resources/facades/batch_06_prototype_registry.json	a599df850a3ca51a51a3223820fc840201559ba26eb5ed514211eaedc2304132	11444
game/resources/facades/building_1_exact_receiver_calibration.json	10ab1f25d0f9d37ccbb20be9dfe77a37c66f63918b1fdf070c1de9c61633414a	42766
game/resources/facades/building_1_recognizability_placements.json	affc41797999b83610352c5945c21d5206167a67bdc1aa5134a3021dd280df05	89551
game/resources/facades/building_1_standalone_prototypes.json	2014040edb3985be4aaae437749063474aacaedc0534b6d54e69b7dfd92612cc	11826
game/resources/facades/building_3_600_california_ene_layout.json	312ed89a5bca6e3eadf3034b8e97689b9a99646837aca8f5f1f7f940a11f8299	2087
game/resources/facades/hawkins_77_bruton_layout.json	4de2239af2e18fe4121930d51dee15e081d2f81a40393da2f1f29c69464761d9	7512
game/resources/facades/isle_house_39_bruton_high_se_layout.json	c5e6393e90152cef62f6478d7bd87750f3db5598d6ebc36cd307ce20acaa090d	3610
game/resources/facades/w291196370_module_calibration.json	b30a8f19091288cde4b8e891ec40287ab28a73776588f96ee86fc5565cfc25b8	13175
game/resources/facades/w34313515_module_calibration.json	2d378a94da4b7badd334d5c00f926a26a4ff9109782abb18e4859301df4b5c1d	11391
game/resources/facades/w34313520_exact_receiver_calibration.json	28ea8b6e506d747299a920e4d456d8676031e18ec3b6d9e959cab31fa33de4f1	13179
game/resources/facades/w34313520_standalone_prototypes.json	ab80f0cd0424c22f7f24e5fc82211353e9aee7c95bea4903022681a48c5620a4	8432
game/resources/facades/w34313525_exact_receiver_calibration.json	ba22916618510f610719606c1c18f84b8965bbd76fe74eddc5430745470bbddd	22666
game/resources/facades/w34313525_standalone_prototypes.json	86d3634e62f367f24bef98206fe1e6f34124023f0d9672bbd318c45c0a33b170	14815
game/resources/facades/w34313564_module_calibration.json	45a47d333c997887cef7d1c97a633d37ae050efda597186430c7af6d52116f0f	9846
game/resources/materials/world/1212_mariner/1212_mariner_entry_accent.tres	8b48483e70b6365b67d3d492d4f2e611ea1d09fc6c3fe8cf74f69628f0170f61	759
game/resources/materials/world/1212_mariner/1212_mariner_privacy_accent.tres	719ca1fa5e74d298a338e4985a4951551bae47cd3a8a003aee39340a6013d857	765
game/resources/materials/world/1212_mariner/1212_mariner_siding.tres	fcf16d01599d9152e4c69c29243005efafb7128ebc989f8ef2ca49b2f76e662e	681
game/resources/materials/world/1212_mariner/1212_mariner_white_trim.tres	21bdf88cbc0acf6de4a6a02a470d4925722ad6232dc7d39eed0b8e0903f23482	747
game/resources/materials/world/1318_gateview/1318_gateview_siding.tres	abf1e18a2e55ae511957a92aca271bda811fe683f813d09b1591fc7b51d54327	682
game/resources/materials/world/1318_gateview/1318_gateview_white_trim.tres	30c896ddb23419a590744572fe4396c00fee942c3654985be97e2f33694a7452	748
game/resources/materials/world/449_avenue_h/449_h_historical_siding.tres	a4b6858a9f1997874e74321463429546e10acdaf6eac58521d5239f3360ec34d	701
game/resources/materials/world/449_avenue_h/449_h_historical_trim.tres	10e22c5ce4a5f43140a383b5387e8b83e9eeadcd7672b77a1613f88f22832c68	775
game/resources/materials/world/490_avenue_palms/490_thin_brick.tres	76ae45e057f1d6502c09c6a937d45256c388ee01a67c450a249dffce82cbce39	751
game/resources/materials/world/810_avenue_d/810_d_historical_brown_trim.tres	d8810705d79ba8b79c5fb742b32c65b343a607aba0ed86b989d7aa35760e5a65	778
game/resources/materials/world/810_avenue_d/810_d_historical_siding.tres	9c3f2cf0fbc237910652f93fb384444f957b77552f662942f728ec804aae7180	701
game/resources/materials/world/850_avenue_h/850_h_tan_field.tres	d92f7137edf2be91b0268659843423764528db58c194cbe5d0b1596a4f8303a8	744
game/resources/materials/world/850_avenue_h/850_h_teal_edge.tres	76cf6b1231952c05362bf41e29ee473452a87aa6aa6f663404b0fed10e42481f	760
game/resources/materials/world/batch_02/batch_02_homogeneous_field.gdshader	1918177080126199ddbfc0715a77b85a9355800479a098ec9b81c9726b7cc4d5	5240
game/resources/materials/world/batch_02/batch_02_homogeneous_field.gdshader.uid	298b3c78f94f0b0f88423b90c7498c37c9378389e34876cb0d70a12a6a00f190	20
game/resources/materials/world/batch_02_04_aperiodic_field.gdshader	324ba33a7c78f4b05038168a479ebb8e875c56704236492a050cee8da8e5f798	3519
game/resources/materials/world/batch_02_04_aperiodic_field.gdshader.uid	14aae7557eaa3475ea086981d277eaa82ed3f393d6c0de12a11d3edcafea97d2	20
game/resources/materials/world/batch_04/batch_04_horizontal_siding_field.gdshader	63f0be4ab7995f94653298cff1d5a271728209e05ee014c67b76165bc4f0dc8d	2210
game/resources/materials/world/batch_04/batch_04_horizontal_siding_field.gdshader.uid	888cd4290dcb5a514b268ae65dc1393896fa6aa6f513e1ec6ce9665d6f386f0d	20
game/resources/materials/world/batch_06/batch_06_wall_tangent_aperiodic_field.gdshader	d4a9dbb7c58443be93362699b0983b7377dab70698fd782b6710315c31be3e69	3661
game/resources/materials/world/batch_06/batch_06_wall_tangent_aperiodic_field.gdshader.uid	85d6e42b2fad59ba4dfe954dad893033a9936c34ce52fe8b9043580d8eb02cfe	20
game/resources/materials/world/batch_06/batch_06_wall_tangent_horizontal_siding_field.gdshader	cb531c7ee029a3cb8d163a644b2adea885606bab89b688df06828c33d3bc6d9a	2363
game/resources/materials/world/batch_06/batch_06_wall_tangent_horizontal_siding_field.gdshader.uid	84af1eaa8ab83e29dc3eef37c8fb32f08db07beeea5c551e08a85d67cd7bc270	20
game/resources/materials/world/bldg_461/bldg_461_gray_field.tres	e44738c8f1d06a34bfc876b610e2c70a0890c85cbb63342b613094d7b8b80a66	744
game/resources/materials/world/bldg_461/bldg_461_pale_end.tres	fb07e022a7a58c593f97c8aeabede62d849587593dbbaffb629658783dd4874d	748
game/resources/materials/world/building_1/building_1_blue_door.tres	6554b282d6a77bcc50859b03eaea4889c18868d1f3a1580dbaa4bc2a9a6ff361	209
game/resources/materials/world/building_1/building_1_bluegrey_glass.tres	41c1c31d4a78da25d4abfac59e82fe919fbb539afa479ab7601d0fb51939d59f	219
game/resources/materials/world/building_1/building_1_chain_metres_aperiodic_field.gdshader	a4a5df4fbb8fd4f13187ec284708879b540677ac2c827642b4c3040b4bce4c09	3501
game/resources/materials/world/building_1/building_1_chain_metres_aperiodic_field.gdshader.uid	286ec4d73d609240aff6856cb526d7c87dbe6fc2cc16880c45bfebfb39f8bf20	20
game/resources/materials/world/building_1/building_1_light_trim.tres	6e543d57ff078c267e952f633f4cee232e0743e30218d2f341dc3f31e4a4c8d9	203
game/resources/materials/world/building_1/building_1_rose_base.tres	dd0ad6a95267c6be55ae415d8e044847b3ac53b7c1fceb823b12bb1a4fe44514	201
game/resources/materials/world/building_1/building_1_warm_ivory.tres	572c3165cec91f74a49066873c31c071ae02333f85721bbd6b43981d814cdabb	765
game/resources/materials/world/building_1/building_1_warm_ivory_exact_trial.tres	12d059d9d806c629225254f1aaf945be69a00ce5878db276ce299ad0c8cdbb9a	795
game/resources/materials/world/building_2/building_2_primary.tres	e936dc561b653e43eafdef633dc2260c7489a713b5d8da5521b5b118a9b8f8a9	752
game/resources/materials/world/building_3/building_3_teal_door.tres	dfb3114e6c419e3f1519364b58aa19d7aa3f65e08cb5fc64945ffe24874a0846	175
game/resources/materials/world/building_3/building_3_white_primary.tres	5b76d33ed0f8ae940bc9761989c8fda43c1106059bc93029a994a1ebf8edc49b	178
game/resources/materials/world/fire_station_48/fire_station_48_primary.tres	515135c3d0da6bb8eb8681e69d7e3f7818d896d948fe5dcc7c2bd8c6d076b188	763
game/resources/materials/world/fire_training_b600/fire_training_primary.tres	fd1437ed9c0e00508d10d9a3c5d859d9a07c73fb28edc3fad62c473e9d865483	757
game/resources/materials/world/hawkins/hawkins_base_ribbed.tres	3fdd57da8d860edf5b8a59d9eb9ac7330cddacf5f96d335d2c75fd000e298709	173
game/resources/materials/world/hawkins/hawkins_base_smooth.tres	94b73c60e1d43bcc2bfac0ecf0803c021ec34c88b6579799a58b8bf7f3e617dc	172
game/resources/materials/world/hawkins/hawkins_frame_charcoal.tres	2e99cc73385650e19bd957f0f6fa92826e2cef2e53c88653910f64a81efc244a	175
game/resources/materials/world/hawkins/hawkins_garage_dark.tres	db479ea790823d13f09df35d9fa558afa53fde5ca09585aa68160a98b3569501	172
game/resources/materials/world/hawkins/hawkins_glass_proxy.tres	10bcc87b347aa51557e0597476c97d4173f74c67f2bdb9883418026e60e49c63	172
game/resources/materials/world/hawkins/hawkins_pearl_fluted.gdshader	82de521449dc386ed9ad5630abc8e1a874585a56731fa95fbfa3b984c0a6b330	1135
game/resources/materials/world/hawkins/hawkins_pearl_fluted.gdshader.uid	c34fe653ff12fce6fc894147389cc0758b3951d0165e77a64469c8c25161de84	19
game/resources/materials/world/hawkins/hawkins_pearl_fluted.tres	171cb1d9c8ba31b19622ad7ccf2d005eed94d7793f59e1d90882291ec9ce5415	557
game/resources/materials/world/hawkins/hawkins_pearl_plain.tres	ca16d8e5ae23097f449040a61c6682fe7552d47eaf310acdffa78a3994b77546	173
game/resources/materials/world/hawkins/hawkins_sign_letters.tres	6954194a853d4440ccb2e544870c18ab21c7ffdeaa7420ee83f1aa5b32dceb6c	173
game/resources/materials/world/hawkins/hawkins_spandrel_pale.tres	55319e2dfb543173a212b4f79653f5622e4db6f40e0941821e6cdfd7a5a55a15	175
game/resources/materials/world/isle_house/isle_house_dark_charcoal.tres	6910208cb7130a86fbe8a063a6e8fa8e96cfa657d493e02449379b981ce961fe	179
game/resources/materials/world/isle_house/isle_house_glass_proxy.tres	19adff893d82c8c76542140b0ed6f1b3e08fa5e5b75101c0bb55c08b69f2c7ce	176
game/resources/materials/world/isle_house/isle_house_identifier.tres	40078e3cf6209c128372cdcbd85ead7f852dd88ab33fddfdecddc34130586b5f	175
game/resources/materials/world/isle_house/isle_house_podium_light.tres	52c57cff2f596f23222ec4f21cdc2a3791d62b667c34d6abb966ca06a0831d7f	177
game/resources/materials/world/isle_house/isle_house_support_grey.tres	55cb958134db30d533ad311a6a73f10aa523502c8099caf38edb17e30fb4fc04	177
game/resources/materials/world/isle_house/isle_house_tower_accent.tres	a1f60aa46ff59101166ae0af0ee15f79a7115a2279b906d813f30355fe3f7e81	177
game/resources/materials/world/isle_house/isle_house_tower_light.tres	713d582eb572d7a828af002fe4a855e32b5bebdd1fea862b1a564914c7ae6850	176
game/resources/materials/world/job_corps_dormitory_b369/dormitory_b369_blue_end.tres	03f46e12f4b6b671fc0859e9d68d73ab0fbadd957af97855bbab698b467c4a41	746
game/resources/materials/world/job_corps_dormitory_b369/dormitory_b369_green_trim.tres	ad4387598f23a327420043f7971ffc4db34274245b639e531071a5f917699ffa	749
game/resources/materials/world/job_corps_dormitory_b369/dormitory_b369_warm_field.tres	fb50d3989b7aa41421753ad4db5d195366d9a2c25c15087e5e3a2b7863c69602	747
game/resources/materials/world/maceo_may/maceo_may_sse_rib.tres	da68584fa85647d611f825743e3e58164133b51312199fd7955267bc047721bf	752
game/resources/materials/world/navy_chapel_187/navy_chapel_primary.tres	4020e4c75350929359be9c16686ad80a2a0eac46918cc32746089694017a61a5	758
game/resources/materials/world/personnel_support_detachment/psd_outer.tres	ec103e8a030903e17c3d863e80f6c904fafd0806b24db0385c8aac999c821692	762
game/resources/materials/world/star_view_court/star_view_grey_base.tres	c7cd8fc95b76539a9bf20d6aa05cba5b494efdbb27ff93ba74a9a0077f60dc9c	757
game/resources/materials/world/ti_ymca/ti_ymca_primary.tres	b5e44afcf4feb6df6ffba46f4e3b60a25fa6043c07c12c33e31c483cb2bf2399	765
game/resources/materials/world/ti_ymca/ti_ymca_wall_tangent_aperiodic_field.gdshader	8943853363f5a2571ebf15a6e9711c6310b706d2e4415f3e1f314d8643d55f6c	3672
game/resources/materials/world/ti_ymca/ti_ymca_wall_tangent_aperiodic_field.gdshader.uid	7c9f23a4969908dc624b99f4a500d6a03a6c491c8dfc752c693170e1a17bd0be	20
game/resources/materials/world/w291196370/w291196370_entry.tres	da23ac9280107f5cd3ca3f73bfe6e236149634a27213d5a8ac453781a4b7248f	195
game/resources/materials/world/w291196370/w291196370_glass.tres	bb2727b8bfe6e8228cfe938345fd38950055f13a2c3ee27a7fd0daafaa5ba6ff	198
game/resources/materials/world/w291196370/w291196370_service.tres	ec7973f9b7849a7ae36c2027bed9fa3c019405cedc4c254f8a104391923981a2	199
game/resources/materials/world/w291196370/w291196370_siding_exact_trial.tres	715cf02b3c006c1a492ad61def9b2535fbaf04a3b1a41c69c5f092d705fab677	693
game/resources/materials/world/w291196370/w291196370_siding_field.tres	f5c359c34f6e4c61020a49391f0dad04f637730b955ae14195a87260588fce5f	685
game/resources/materials/world/w291196370/w291196370_trim.tres	0223453497849cddb947701aaf6c83044d3bfd1e610dbc2eea49ed79cb5b56ad	202
game/resources/materials/world/w34313515/w34313515_frame.tres	716afbdf12f55975747b08c615236462d335b62ca0c46730b4cb8439b9691aa5	194
game/resources/materials/world/w34313515/w34313515_glass.tres	963160407868064dcbb66b56cf477d0901f53a27351cbb23905474b5b613a4cc	196
game/resources/materials/world/w34313515/w34313515_pale_exact_trial.tres	0b8704ccc352374adc1d6a553ff3d985ae2b70559d92b5171092450783b4395f	761
game/resources/materials/world/w34313515/w34313515_pale_field.tres	0f97c958b35fe8c52e61db532c9caed95566330d9269e4b830e2c319ec47023e	745
game/resources/materials/world/w34313520/w34313520_bay_frame.tres	445d3bec9d2ef3130aab27c816b27e384c689af68298b2db5ada37e0178f249b	220
game/resources/materials/world/w34313520/w34313520_bay_glass.tres	40caf8b054b51ebf247a41286dec9efdbf925f09acf698a75285a4321a41bba6	223
game/resources/materials/world/w34313520/w34313520_pale_exact_trial.tres	89fbb97ed797275a86c394af7eab13f946cbf23f29cba58b89a2b2d467030ab2	785
game/resources/materials/world/w34313520/w34313520_pale_field.tres	7944151fd5ab8e977e7052d0cdb8df20132c82f967d8ebfefff83ede8fcf07a4	763
game/resources/materials/world/w34313525/w34313525_frame.tres	2298f55a4129757eb69af498236e609384acb1565a2c0654e8200bc79e0ae21e	211
game/resources/materials/world/w34313525/w34313525_high_group.tres	68f56c35a7e2ef870dd395e5f2e38b8cc5d640b532de32339ae4b22ffbabadfb	225
game/resources/materials/world/w34313525/w34313525_pale_exact_trial.tres	d8a4500d3f3ec036b5e0b4c4273caf0644abdc3bda626fb831e2989d63559752	783
game/resources/materials/world/w34313525/w34313525_pale_field.tres	00ad40bbc932d7b7d4a3ce77d13a3798f25a35e908bd45a1a5f7f38ba4c80eff	764
game/resources/materials/world/w34313525/w34313525_personnel.tres	bcc6295ffe9229f6b7105c13896f0ff0cfcd5d3227e3b30046d9957c2272a88f	212
game/resources/materials/world/w34313525/w34313525_rollup_gray.tres	b0beeb8e0cf894e3cafd8f7084e0d235074b67daf29c2a863f514d5386173b8a	203
game/resources/materials/world/w34313525/w34313525_rollup_pale.tres	ded6d1de11ce4e77c71ee384be689257707c522718c9f8fad20fb3d1933fee47	203
game/resources/materials/world/w34313564/w34313564_door.tres	88babf9bdceb46e8475f6d1acf1853ac451433c91f1264ca70c41d8c19d2aa3d	198
game/resources/materials/world/w34313564/w34313564_frame.tres	5487fa17415e4022d85b82e3f013ac9a41be1dd07d88354f1caf4b05a9ab5994	197
game/resources/materials/world/w34313564/w34313564_glass.tres	0f5b2ac833346143e777b81e85079f4502ca5a2692944228a9fbfeff28ddd669	198
game/resources/materials/world/w34313564/w34313564_pale_exact_trial.tres	c7ec2df12b0dcf41e2b5019fd98155dbe3668d16379070210fe9f97ef032a343	770
game/resources/materials/world/w34313564/w34313564_pale_field.tres	4523c071e50875db052e98ac39b9d9eff9cfb487aa37344064834ae82c0aae83	746
game/resources/materials/world/w34313564/w34313564_plinth_field.tres	89a36e7fb036bf8bd3f5db0996076c477641e2c7e97d29537c2c464155b12d88	743
game/resources/materials/world/w34313564/w34313564_tan_exact_trial.tres	3b895743b247a20641cb7564004d2f890bacfc286feaec9044b334b5e8e170bb	765
game/resources/materials/world/w34313564/w34313564_tan_field.tres	2503ee946804bd16db9ca60ae05a0a1b9b6ca7c46422e0997ac2891c79a7ea76	741
game/resources/models/context/PROVENANCE.md	f99f2e721c2fb053af21a486f50031d5f797f6920a657af11bde6106d7128f14	786
game/resources/models/context/baybridge-western-span.glb	bd358ffeca95c07fc724ef775ebe51bf00117bad0d1c82ced75ee211de64ade8	14756300
game/resources/models/context/baybridge-western-span.glb.import	bab599e18fcb1b0b66c69a434e0c3ef022ea21142db2bf2b2e0c908699315b01	1211
game/resources/models/vegetation/PROVENANCE.md	943e807c7e0634f3e515003d4ca40f24522e8b88c8a55e7ef8ef4cc680b70fe1	3225
game/resources/models/vegetation/kenney_nature_kit/grass.glb	260e41d3e5f2472492ed7b475c5b92a30b13ce2bad408535b5ff50574d4575e7	11496
game/resources/models/vegetation/kenney_nature_kit/grass.glb.import	da828a6a1be1faafdb0a7163372604535409eb626c54328bfcc49ad16c407529	1181
game/resources/models/vegetation/kenney_nature_kit/grass_large.glb	af49a595624abca7249824eeefb944d4baf974abeeb5b16110d175da3563d6cd	18504
game/resources/models/vegetation/kenney_nature_kit/grass_large.glb.import	3e0263241b23c7d76401985f4d9f13252411cca2d3050cb38799beb7e2e30760	1199
game/resources/models/vegetation/kenney_nature_kit/grass_leafsLarge.glb	a68b9b3d9639afaeb4ace840d5a8e3f21ffc4e8afc1eab15566500fbb2bee3e3	13988
game/resources/models/vegetation/kenney_nature_kit/grass_leafsLarge.glb.import	b9b17641d37d77f326a151a12c5aee8f8d5fc1d39ed3c9770d41ecc515edbeef	1214
game/resources/models/vegetation/kenney_nature_kit/plant_bushDetailed.glb	2e0487020d68ccf664435db9d829c78ae00e6d2785ee3ec10b9f89cc70a10406	10172
game/resources/models/vegetation/kenney_nature_kit/plant_bushDetailed.glb.import	832810e5bd2ddaa729831368b6f3650cde253401a381d84d36ea4012a0d199c4	1220
game/resources/models/vegetation/kenney_nature_kit/plant_bushLarge.glb	10e1d9fbf29d96d1d1a56fb2ce25ae66537505101759229afe01ae22c6c45e02	6436
game/resources/models/vegetation/kenney_nature_kit/plant_bushLarge.glb.import	fc8cf0e23ee4265f34ac0217976f3066af513f46379e307470eb4da4f750846e	1210
game/resources/models/vegetation/kenney_nature_kit/plant_bushSmall.glb	a9620a7d1fb165ae68d323676f80dbb2a9e3aafb21110d18d18d90b07026b91d	3212
game/resources/models/vegetation/kenney_nature_kit/plant_bushSmall.glb.import	fc74021f6cd9b71b06ae780961c7214d8e29b6ec1c3c0a8c4a3ff57249237aa5	1210
game/resources/models/vegetation/kenney_nature_kit/tree_detailed.glb	c041daf2f0fb1d49e4325227cbcd58667adbe51e9b55e8c1f0a94b74cc521b3b	31412
game/resources/models/vegetation/kenney_nature_kit/tree_detailed.glb.import	e6c7e547a3dcc0201e2b16294d7091605ef50486bd7c8b5e11b5f456307f613d	1205
game/resources/models/vegetation/kenney_nature_kit/tree_oak.glb	d7fd8773674928c50c11b66d12c636d49bdcc15a8b1c7fbb98e6f63a3439a3f3	14644
game/resources/models/vegetation/kenney_nature_kit/tree_oak.glb.import	d86d721313dc4a1ddea69d6efe8338baa19173774177921eb9c736608b09c175	1190
game/resources/models/vegetation/kenney_nature_kit/tree_palmBend.glb	8af9dae16ce3c03183f9457996ebdd135167199514e8f4f944ee2bd82828d5c9	14820
game/resources/models/vegetation/kenney_nature_kit/tree_palmBend.glb.import	100cc98ee730a4b01ad59a04ef5486c1a65b9eda21b8c5fcfc1ab8f158f7dff7	1205
game/resources/models/vegetation/kenney_nature_kit/tree_palmDetailedShort.glb	bc1013aaacca3bdd116ad1cded4f9499f008fe3056e760f3238be05aa21ff9f2	28212
game/resources/models/vegetation/kenney_nature_kit/tree_palmDetailedShort.glb.import	c50da6e4d9002cee8cd01aa4c0434796981ba3f7eafd256c9ad4e9848113c096	1232
game/resources/models/vegetation/kenney_nature_kit/tree_palmDetailedTall.glb	2cbea0f9621cde884c63a7b4ad787bda1d051fa27ef3c66b9f2b65328dc53683	28204
game/resources/models/vegetation/kenney_nature_kit/tree_palmDetailedTall.glb.import	de0b7ad40687ce510d89822d9830e13f6df25bb2854e6fa4ac3f412d70b1e070	1229
game/resources/models/vegetation/kenney_nature_kit/tree_pineTallA_detailed.glb	9ba6337460e718b8baf165b23c02f39455e3d5757b1911505410c46bc88a86b5	10708
game/resources/models/vegetation/kenney_nature_kit/tree_pineTallA_detailed.glb.import	c873551296b0cc339a9614ea7e5d7711245af7741c33f5dd3b549fddcf02ce49	1235
game/resources/models/vegetation/kenney_nature_kit/tree_pineTallB_detailed.glb	a26b4434e1592ec1a83f364a54688bb34c48d9521bfccbe63f0cc37b381c4696	12632
game/resources/models/vegetation/kenney_nature_kit/tree_pineTallB_detailed.glb.import	c759c68f667d93b915f39e0e5b5a14d530e68a2e1b35a238b4df78e8e36e9f07	1235
game/resources/models/vegetation/kenney_nature_kit/tree_plateau.glb	7f19e347ff28703dd9e5fcce89b920156e291fbdb19331a57cb31a95c73e1322	16304
game/resources/models/vegetation/kenney_nature_kit/tree_plateau.glb.import	8419c0598c6efd94a6eb7cce9b723c29aebf279be20a443dedc263a702a55ba1	1202
game/resources/models/vegetation/kenney_nature_kit/tree_thin.glb	f0f1f6861fe0446963d3be216cc628324f538bb0841bc9a8e14140313f64e2f3	17200
game/resources/models/vegetation/kenney_nature_kit/tree_thin.glb.import	f66582cd1aeb2e31ba5a45b42ed8ae4da5a592f0305a6fc091d2c6e383790913	1193
game/resources/textures/context/PROVENANCE.md	9853ddd29bb1c0ceb79a333b890158c3b11b648bbbaaa06c8d68d6acc7c366dc	4451
game/resources/textures/context/sf_skyline.svg	21197db2d54e092b08ae0743b187edcfe099c1d868995ecda5824c67674fc5f0	399
game/resources/textures/context/sf_skyline.svg.import	c16fd478c51572aeb6d3065488eabf84695dfb7f2667df82ee43a73c4a4c8653	1062
game/resources/textures/context/sf_skyline_owner_outline_final.png	1939151e1098c4935d1a5fd230bc9a692c5484fc93fc5d5bd4064da0678927d4	536431
game/resources/textures/context/sf_skyline_owner_outline_final.png.import	ec2e06e8523cecce5346506b416fc4f812914c6c89bafd1a499ab8b30da152c9	1026
game/resources/textures/context/sf_skyline_owner_silhouette_final.png	9c499ca3db08769142aac69b61e7d8fdf2aa84cd084b6716a19e7c504ba0b0c5	3064
game/resources/textures/context/sf_skyline_owner_silhouette_final.png.import	0a242bab6ad00fcea8719b39be29e5f496b90e80d8f58ac72f456d83e9cdc226	1034
game/resources/textures/tag/PROVENANCE.md	72f560f42b0303f468a9b3ed438cfe3742e33e3694979f3cd59df511087da8c3	357
game/resources/textures/tag/predefined_tag.svg	9eb345572cd3298ea14bad008fc6405e46123c0243444e4582393d0aa84af885	576
game/resources/textures/tag/predefined_tag.svg.import	7df6456c4b51007428b68ec44b96987ffb9c9fdc8f072985bbdf3dd29fe59da0	1070
game/resources/textures/world/polyhaven/PROVENANCE.md	1e9685e22301f01ffc48807994975828a2be18d1c923b8207c3b77ec054da599	4341
game/resources/textures/world/polyhaven/bitumen/bitumen_diff_1k.jpg	fa09ed33d59c3bb90ef70d36352207e2e1ca5564cfc61295c0124d1a7d785808	451335
game/resources/textures/world/polyhaven/bitumen/bitumen_diff_1k.jpg.import	574e89cce2b7ed47b3409d35aee1060ab0170621757151fc436e74d5004424ef	996
game/resources/textures/world/polyhaven/bitumen/bitumen_nor_gl_1k.jpg	a584bd64cac6ce37153b48a481612bc20be5d5f1d36cac572119560f67c1c756	691370
game/resources/textures/world/polyhaven/bitumen/bitumen_nor_gl_1k.jpg.import	aef833539b96383be5c53c0cafacee3e4964db16ed339e121c3b58843b7d32cd	1002
game/resources/textures/world/polyhaven/bitumen/bitumen_rough_1k.jpg	ae78d0e22b3c771d8ae8fd392c721daf545bbc24f137aad978ddd899dd376b39	272094
game/resources/textures/world/polyhaven/bitumen/bitumen_rough_1k.jpg.import	8c77eb6fdb6e8b9f9d5e565587d47560f44b5d00a407fc0800413338287b48d0	1073
game/resources/textures/world/polyhaven/clean_asphalt/clean_asphalt_diff_1k.jpg	ddf9224e9cfa3eb2998d9097e4cd34bd3630c85e0e6798e5a0a000415a684083	697630
game/resources/textures/world/polyhaven/clean_asphalt/clean_asphalt_diff_1k.jpg.import	19b0744b6602369148f8606a21ff8252b257e994571d1de4cf0c9ecf304e5e16	1019
game/resources/textures/world/polyhaven/clean_asphalt/clean_asphalt_nor_gl_1k.jpg	99cdf6b6f0b8a319d206e1d561bf2a5d9933d8d33e1d685f8e25388101d21310	776360
game/resources/textures/world/polyhaven/clean_asphalt/clean_asphalt_nor_gl_1k.jpg.import	8f047619e7a2d8a4fffc6c2ae1de459529e8ca2be64e7703bc380b6cfd9917e0	1026
game/resources/textures/world/polyhaven/clean_asphalt/clean_asphalt_rough_1k.jpg	2280be133c104eb04370b625ebcc7f6709d2173b43ae2cd15a0074c26f492bf9	641634
game/resources/textures/world/polyhaven/clean_asphalt/clean_asphalt_rough_1k.jpg.import	fa93e76108d7ac2b6f8a02894fb80141d637fc88e3b9bcf597beadef3e0339bf	1109
game/resources/textures/world/polyhaven/concrete_floor_03/concrete_floor_03_diff_1k.jpg	6403524d194100d80e3040435b953ddf44e90069bd404cfb116204dec3c35df7	1184196
game/resources/textures/world/polyhaven/concrete_floor_03/concrete_floor_03_diff_1k.jpg.import	08e358d6d562f45172ceefeb971ecb89816edaf1a193b6521e826fa277cd5367	1035
game/resources/textures/world/polyhaven/concrete_floor_03/concrete_floor_03_nor_gl_1k.jpg	f9f18d02c1e4e655aa321ddeaf2c696a87a9c4782fea7119c65310c510367f5a	1105067
game/resources/textures/world/polyhaven/concrete_floor_03/concrete_floor_03_nor_gl_1k.jpg.import	95e108e71f24208c5744acdf7bef2945b2eecb68df8b9d72482a154b21570a54	1042
game/resources/textures/world/polyhaven/concrete_floor_03/concrete_floor_03_rough_1k.jpg	13bf9548e801ada85c2445782544ad6ffba17c9ec08e39aa35c6f6ad2bc83961	914332
game/resources/textures/world/polyhaven/concrete_floor_03/concrete_floor_03_rough_1k.jpg.import	a07e518347028fc7e31b81cce55376447e6f5bba8f7ad9dd184641310f89352b	1134
game/resources/textures/world/polyhaven/concrete_pavement/concrete_pavement_diff_1k.jpg	70d3ff969a7421c7ae057b5d16386d11f5e59c6740db643352e1039413f419c4	926197
game/resources/textures/world/polyhaven/concrete_pavement/concrete_pavement_diff_1k.jpg.import	43f28c627e6f671bcb04ed1655c2dff7985f82d0c630570cd24a979cfc819b2b	1035
game/resources/textures/world/polyhaven/concrete_pavement/concrete_pavement_nor_gl_1k.jpg	a5009e409ff0f7b2d19e1316fe5e2b2b4f28e4a6b79990a664be69d4e8a0e690	1184345
game/resources/textures/world/polyhaven/concrete_pavement/concrete_pavement_nor_gl_1k.jpg.import	ffc34fe18b508a9c07208926c182ffe0faf63af296fc7a5e0ad936d0bfde2454	1042
game/resources/textures/world/polyhaven/concrete_pavement/concrete_pavement_rough_1k.jpg	99f81099af07b009134b6a81bf0f95ab16da09c57156cc2ed534975664a68533	475799
game/resources/textures/world/polyhaven/concrete_pavement/concrete_pavement_rough_1k.jpg.import	000d54b268a41188dc4eabfbfbf03527f1ca00d68c48eed6b8a1ad8e62a4de27	1134
game/resources/textures/world/polyhaven/plaster_grey_04/plaster_grey_04_diff_1k.jpg	e78df7d6e762fe767634278e14316564e0d4510031986239458994ec9fc5410d	456938
game/resources/textures/world/polyhaven/plaster_grey_04/plaster_grey_04_diff_1k.jpg.import	3e587f74f2434bcad4c7d42b8f599ecfe119013d38b04777157f5479f81d55dc	1028
game/resources/textures/world/polyhaven/plaster_grey_04/plaster_grey_04_nor_gl_1k.jpg	9d0eb5299f797c07eb841737eb7164755a2c8a2363540e175a76188a2aa5a2dc	983244
game/resources/textures/world/polyhaven/plaster_grey_04/plaster_grey_04_nor_gl_1k.jpg.import	b5fe0de081e697ad8291f401b1ffe97688cc051328a135eb29ec2e92f69250dc	1033
game/resources/textures/world/polyhaven/plaster_grey_04/plaster_grey_04_rough_1k.jpg	0d8cc6216ac3dc9dc4339cb17a08d249f7341961f432ae1451c35cdff222869b	370366
game/resources/textures/world/polyhaven/plaster_grey_04/plaster_grey_04_rough_1k.jpg.import	3df77cfd3216574b1887d566b5722093a26f3edd62d87558e1276b1ca4dc27df	1122
game/resources/textures/world/polyhaven/sparse_grass/sparse_grass_diff_1k.jpg	ae94f2b34597b9108eefd88217f55eccaec6d6b382e858a478ee92df90e66617	955945
game/resources/textures/world/polyhaven/sparse_grass/sparse_grass_diff_1k.jpg.import	fd7a168f3e90cb1c1b31a37a5ade7a0dc8ab2fba143e592181135477b9b4ec33	1016
game/resources/textures/world/polyhaven/sparse_grass/sparse_grass_nor_gl_1k.jpg	1c840a24807346ddaaf94a5057aee4078fcec3a4cd84bfe45da7d3b480ef460b	1440314
game/resources/textures/world/polyhaven/sparse_grass/sparse_grass_nor_gl_1k.jpg.import	61e765542330c91939a918085af68fa7049eb351ffcee21f1730b8f16d30363d	1022
game/resources/textures/world/polyhaven/sparse_grass/sparse_grass_rough_1k.jpg	9ebe6d03a9551c17d1802835c92c1442acb8f5d38d4874ee8c37770f11c4bed1	463340
game/resources/textures/world/polyhaven/sparse_grass/sparse_grass_rough_1k.jpg.import	48284c4f1b4ed3bab63fd57e8afdae16294f86e833f398bf0dd949e44569ec14	1104
game/scenes/main.tscn	959a0f8a14057ea8402790ba374c7839d5f9835ce20ad194846f0a4d45b43d66	1401
game/scenes/player/player.tscn	a37b00ecc620b4f3106a14d1dc9ec22a519f81481e5e6c68252389e13488a793	1994
game/scenes/ui/hud.tscn	79cdb7f0cc07f959d3884246fea238e73572fba3595ab6925b618908453d440a	3347
game/scenes/world/facades/batch_06/w291196370_prototype_set.tscn	20bf67d9bb94c7925380ac49133ad582dce50c708be8a6b6794003a1b03b93cc	321
game/scenes/world/facades/batch_06/w34313515_prototype_set.tscn	4e205d9ff642c90d6e0b5b0ed285a370e2ae7dab267441ff304c13abcc975933	319
game/scenes/world/facades/batch_06/w34313520_standalone_prototype_set.tscn	4d0ee0e79ea6fd5a7e85b21cdf4a103d125818626b6c97875737cad44cc65785	426
game/scenes/world/facades/batch_06/w34313525_standalone_prototype_set.tscn	9259ab6f231fee7d3d3ad8bfea0a290a455b1490b291a1d05b7cd64df4965cbe	429
game/scenes/world/facades/batch_06/w34313564_prototype_set.tscn	ad00442bc2096cafa98f6009f8a896e12d8740f5d634ec9e0577a4d5255bf0dd	319
game/scenes/world/facades/building_1/building_1_exact_receiver_calibration.tscn	3fb0c925cec5d65e0d7ed3ca86c1d8d464c4f43965997545af5c0b575978b0cb	706
game/scenes/world/facades/building_1/building_1_standalone_prototype_set.tscn	1d205d4d6e176d4ed1e82746d1f1f8c4c2547910b1a71f87a213d9ada14967ef	442
game/scenes/world/facades/building_3/building_3_600_california_facade.tscn	20acecc80aac526c5add6feb52f2f3e86969bf756533e81c9dcf9d59297fd354	244
game/scenes/world/facades/building_3/building_3_ene_modules.tscn	c1f031ef4eb6c4643507dd686f2c6b222f1c8bdf851d7cd63c63470b0ea76c30	524
game/scenes/world/facades/hawkins/hawkins_77_bruton_facade.tscn	3e79430994309ad07a3a8763004b8a4d4f20a52e5d759e707ba5e7ad6a85ba3b	229
game/scenes/world/facades/hawkins/hawkins_ground_modules.tscn	02e2c6808d02e6b0b8f1547cd2b1a814dc4f2a5b39725bae3e45ee501cd0cbde	1404
game/scenes/world/facades/hawkins/hawkins_upper_modules.tscn	7e12e6c0e7aa3a8763387e98a16cabf2d9459f15c4572d8cf6725a1c026cacc4	959
game/scenes/world/facades/isle_house/isle_house_high_facade.tscn	7ff4a91c402cecea19d2686d29139d2c0f139673b06d21c67d1c14835fd31d12	243
game/scenes/world/facades/isle_house/isle_house_high_modules.tscn	1f462007c32f63dba7aaf24be58981737b2969882c9f91ae52d3e82144b5fdbe	1819
game/scenes/world/world_root.tscn	ed6dfaa1933cedf2a70ca6afd677a645d588dbf6c823fb04402aaaea4b709ab8	2738
game/scripts/debug/runtime_evidence.gd	ec533cb1f200ebd77750e83b1713a15f52fca1ee58d64fd9df8c53f06f640386	5748
game/scripts/debug/runtime_evidence.gd.uid	4d714dc591ae56b82a8e04d05057096f6daea60e393eff959357e5fa0b49bf3a	20
game/scripts/interaction/spray_controller.gd	9897042fbffc6740ebe3eb4c19da544a0d437391ded9987318edc7238c403da4	5168
game/scripts/interaction/spray_controller.gd.uid	22056b83c696ad5005be65e4d946f99f8e3a54b9bc4815f25b4e2aa7e5b417db	20
game/scripts/interaction/tag_instance_pool.gd	2460b12b9f70945dc88d2e321b72c1779dab4d867fd80f5920f4734213ce0950	711
game/scripts/interaction/tag_instance_pool.gd.uid	dcbadec0ba5137c9ed643d504e645c63ba903011263ada7c0478c9dee7a85213	19
game/scripts/main.gd	eee67da945914adbbbe3c50a4a7f62e01cfcb66773abe812a541c22f61f5f642	15293
game/scripts/main.gd.uid	20b6a9032821634f3755a3c9d5d03484dd2c904389901416adcfbd2cb00c600c	18
game/scripts/player/player_camera.gd	90ea739b25eb6cbcf8bacff072599b117fe894fcef08683483e41527d8019636	1481
game/scripts/player/player_camera.gd.uid	ed9fc295da74ff6380e4c4198ce174287db65f1e4354d41ce4b0f4a72c7af19f	20
game/scripts/player/player_controller.gd	8b114132d66c78dd0bfd09783c7b9a3a3a441a8b1ae14f33f7308bd9b04ed0ea	5164
game/scripts/player/player_controller.gd.uid	386eb2c74b06392ba514992a23e1495c26ff341ffbdf952640ebcb506a405230	19
game/scripts/player/recovery_controller.gd	b38f77cff221420c7e98d1b9227da0b44543274c4258cb2054b25ba52be9d8cb	3752
game/scripts/player/recovery_controller.gd.uid	3bb5f335802f82951e24682ffec4c505754e73b95ed67f62b0232a6565c700a2	20
game/scripts/ui/hud.gd	a121992d1e838065f04e767c8179c0df4cf5dda39eda8a9265b36df17d676ffd	2548
game/scripts/ui/hud.gd.uid	6c9c4c7b658f12e3c48f26bd9870be887c76a8b4f803df49afd8fc464310ec58	20
game/scripts/world/facades/accepted_material_run_trials.gd	d2d4909d5f8cc8a26e7ca77757ceaeebe337131dc33eaece3c7756e2b3d76c9c	18252
game/scripts/world/facades/accepted_material_run_trials.gd.uid	0821972b4e0b82579a6cb0238b39aac8d87c46547c70634432b84867b35a4a9c	20
game/scripts/world/facades/batch_06_prototype_set.gd	fecc656332599acefbf307ce6b5978e62c689ae146f713cf9d935ef66b81de60	9862
game/scripts/world/facades/batch_06_prototype_set.gd.uid	141e707e9ff44ff25817681cafd7e589a3e8cdf84a653bfbfdb6a24e824b9085	20
game/scripts/world/facades/building_1_exact_receiver_calibration_scene.gd	2b21baff993ee30652072e3f51d95a239d2d22a77e0ff025f0dfe44fb1baa730	1427
game/scripts/world/facades/building_1_exact_receiver_calibration_scene.gd.uid	f65a4d267fdbb5a6db81762c9e5a38716041575bce1780a8ac464c7169f2208c	20
game/scripts/world/facades/building_1_live_field.gd	26f7ea876300fdc9b01653fa21f95e575c0b48900e413fbe008f7001dadb3aa9	8848
game/scripts/world/facades/building_1_live_field.gd.uid	7c2dcc5b4452a81e8eac8a4e7b8cd041c22f309a19f160e76deb4b915135191c	20
game/scripts/world/facades/building_1_recognizable_facade.gd	f39ce8b043dda6c78e1b7cabc223552b6afcceed67538ce973aa6cdc53fbd507	22083
game/scripts/world/facades/building_1_recognizable_facade.gd.uid	cbde92009a0dc25a31e3a4d5436600bca1eeb5eb31906743c90ceb83946a5c4d	20
game/scripts/world/facades/building_1_standalone_prototypes.gd	cf18bfcfa40c7770d92aad569cba05da7ac85fe0fc89c0fd8cba6167ef62fb1f	9427
game/scripts/world/facades/building_1_standalone_prototypes.gd.uid	06c43b02cf40bdcc7344840a0cc54493a6f3421b8efe67121cfb7b84a52f806d	20
game/scripts/world/facades/building_3_600_california_facade.gd	5808131a175fd6b43957ddb54921d247b2c6d00a71185574616a1ed5c765231d	13130
game/scripts/world/facades/building_3_600_california_facade.gd.uid	7bdd3196600273d3e887daf895de40d056f172825e2a6dcf89e50c360009d1cc	20
game/scripts/world/facades/hawkins_77_bruton_facade.gd	de733e43896fdf8c0437dcb266564b07fbb0e0ad42a40ef40d480623a748dd1e	29190
game/scripts/world/facades/hawkins_77_bruton_facade.gd.uid	30bd16027a2bc49f59c1c97346d86d999c8250fb3f9ef2abf4d2ba4a8d493dc2	20
game/scripts/world/facades/isle_house_39_bruton_high_facade.gd	f8243cedd3f331cbc37e6343b1b48e76a73a81644c96cc1f80e623e0c71a3113	23138
game/scripts/world/facades/isle_house_39_bruton_high_facade.gd.uid	8fdededa721b9208a24f783f891f914cec4b49857b990a4737ad99230f7f138b	19
game/scripts/world/facades/w291196370_live_modules.gd	2b4da98b780af42bbc59dce911410c73964f670ce6d58624b77211b7cf981653	14248
game/scripts/world/facades/w291196370_live_modules.gd.uid	8d4546d33ae91622e8c156e7e87262748c88f3b46bb534b7e5f04c4638883de4	19
game/scripts/world/facades/w34313515_live_modules.gd	8034932d57f8e42ee9c96a1bdd2508d8bf51b52abc0e5d7ff5f2659cbf75ddc7	13504
game/scripts/world/facades/w34313515_live_modules.gd.uid	ec8987e954157a2045472781ae0a7ff284ae447eb0ba592b8a4ec86e505e1fe5	20
game/scripts/world/facades/w34313520_live_modules.gd	765d8546e2fcfca68c855d1e1bcfb93bdcf1b1791c9b71ce4bcd6dcc35fe432e	13701
game/scripts/world/facades/w34313520_live_modules.gd.uid	8cb2b2d9a6399c40a363c97ba06da04f4c7b420d5aaf2ec35e616dd631ee1371	19
game/scripts/world/facades/w34313520_standalone_prototypes.gd	1244f590ed0854219f50a25a4c7931f4f094ce19fb65cefcf2d61b8ce4cd8566	4456
game/scripts/world/facades/w34313520_standalone_prototypes.gd.uid	c00ca65d07fc1fe85b4c774d5fef009080c6ecf3e6da62efb5ba257bff8dd0bd	20
game/scripts/world/facades/w34313525_live_modules.gd	308cfe8aa3e6320f122f2b81ea74976d30f7d87de91736aeed60e67a01dc121b	15769
game/scripts/world/facades/w34313525_live_modules.gd.uid	5d56771e3e34755fddd662aad1a6c03cf9121a8421fa60674114dfa13106dc66	20
game/scripts/world/facades/w34313525_standalone_prototypes.gd	a8e432b8cae545532aa976b095e2dc012454dd73648dccf09d55be550ccbcc76	7122
game/scripts/world/facades/w34313525_standalone_prototypes.gd.uid	b765b73719a0c9938c5953f79d2b0b5eef288cc5803f940a0dd955c0b2c91eda	20
game/scripts/world/facades/w34313564_live_modules.gd	74a7eb9a29750baf47e59194374c2669278bba5af091f5cbe04b13f45c230b8e	10672
game/scripts/world/facades/w34313564_live_modules.gd.uid	7d8e57772a90364c464454d968837c3ae568be806be8e5d1dc241a99a8a2c6be	19
game/scripts/world/generated_world_contract.gd	d88d15dc4d8cf55eb9fc6bee86fe18fdc3e065818dac2a92b96f6f0dc2ce87c6	82107
game/scripts/world/generated_world_contract.gd.uid	d094ba2bed70bdfb32bac2f59cf9c09139c9ced56d89fe6acec18686942ae51d	19
game/scripts/world/massing/hawkins_77_bruton_massing.gd	b572d5b75faf47e91e9283af757cdc33a0c0b4a37de87230d7e7a505442f6a4d	15577
game/scripts/world/massing/hawkins_77_bruton_massing.gd.uid	0764c9735471fce737fc25ee1781c20936013bfe911141de27e6eed0addfedf7	19
game/scripts/world/vegetation_builder.gd	f7be7aba8eb23e2461d4bc6dbcc37aae78f29588c9c4169d34877b884d87bf67	6211
game/scripts/world/vegetation_builder.gd.uid	16bfda52ac718951fa4993632e2a2b19cebe566868f765bcdd4709da21fae027	19
game/scripts/world/world_boundary.gd	d239843d99e553cfc68734e81c6ce9d8a2f5bd91c729e3a707a5804310210c72	501
game/scripts/world/world_boundary.gd.uid	e515b575fadfb2c887011d6afd7a310b026ead477e647e8d19bd61c952712870	20
game/scripts/world/world_chunk_builder.gd	e3d0ca4b6c9d39a444aa5b55592d63a32e7794bae3e12f1f3fac125243839d42	23482
game/scripts/world/world_chunk_builder.gd.uid	203d51a23b6bd1c794385431e4b10a2ff54863da5219ffef91d35eddf8db1d05	20
game/scripts/world/world_loader.gd	0bfb5c64ede051dadd87da10e85518a2c22c63d36ff9387e8221bdd0c24287af	4900
game/scripts/world/world_loader.gd.uid	e6073cbfb26f95769256e59c97143f1fe3bbc4728c479d6416e8daa4047edbd3	20
game/tests/README.md	b2bc15fda6d893d740be7fe0b33e72c4233e1fc8d2314972d8a2555f67ae9dab	17386
game/tests/accepted_material_run_trials_capture.gd	736298c29e83dd1c1b935ad85dd7f00d9dd56c4891c7baa136cd9bdb710a912a	21163
game/tests/accepted_material_run_trials_capture.gd.uid	6b7a24ee2b774dea39db6b723ef4fd3fb90ef02e8e761a7e820e2ce6dbd23c15	20
game/tests/automated_route_qa.gd	38ee8deff49730d8d59af857ff21e3f661dbe4792538e367a320f2877ad22229	38068
game/tests/automated_route_qa.gd.uid	e5c7f0412578443e3434d7876cd1764689dce2b978e08164ce7db7a63aafa7cd	20
game/tests/batch_02_04_material_correction_capture.gd	bc169ce21e7b28d427c528a048059b332f5c50dd9a48e7b72f8d5f95f07c3c4b	17404
game/tests/batch_02_04_material_correction_capture.gd.uid	128ca12a7704ca7d8140e7a031fe9004302b6b4e0f8d64d7d5993cb30d4f01af	20
game/tests/batch_02_material_proof_capture.gd	0e59cf3499db2bd4fed322d3e185ee7f95e699622e3760e6dbcd03a4453550ca	13002
game/tests/batch_02_material_proof_capture.gd.uid	a179836405b8da0039b7da3d8ad632af3c809460d7ef09dbab44d854c37a91aa	19
game/tests/batch_03_material_proof_capture.gd	3277f5856f238046ef12bb45562d61f8e76d49bc8fcb773824189474cda47f0c	10641
game/tests/batch_03_material_proof_capture.gd.uid	46b8c2fc3282adf7f5b623cd039b84aeb6ba3700a45037445ed49d153d0c04e6	20
game/tests/batch_04_material_proof_capture.gd	757b7b179afc80ad343f2059aabd13c542ef02b51d0d5b2f93e05764f1999242	11065
game/tests/batch_04_material_proof_capture.gd.uid	6ab7e1da3c3b7151a7716345facd62283e6ddfca84020b6af666b76c71f7b331	20
game/tests/batch_06_exact_receiver_trial_capture.gd	f2fa78365d296e4b9da0e8e3b3aa5d3bc71fa67b0055ecd6654bce67cd48dc6e	29721
game/tests/batch_06_exact_receiver_trial_capture.gd.uid	103243dbe5ff40942bb8f5feb99d8235ff23a7b503bbfbb2391391f82107beee	20
game/tests/batch_06_prototype_capture.gd	1a42efa858d5fea2cb4cbbea67b180b230dca46ee4221845e7c4caf932977c9c	10738
game/tests/batch_06_prototype_capture.gd.uid	5e23fdbd8e1ee7c58a54692c9abaeb88895e30229761b9739c36b8fcb833ca61	19
game/tests/building_1_exact_receiver_calibration_capture.gd	addd00cd70c89cb68d888a9e89f8783f6f4e1f15c7914d91ac6f28a54f1337d9	17222
game/tests/building_1_exact_receiver_calibration_capture.gd.uid	4d866a58e23af1f3dc2388ef9c0d6b0a65317c93bcc1a9d8951b6b0d9b48b137	20
game/tests/building_1_live_field_capture.gd	35c1080c816fe8ce8f436d3f56fb6a3dd5d231a09b41f20b66583ad93b1c9b3c	19653
game/tests/building_1_live_field_capture.gd.uid	bec409ea504e6aed91c8465f8e959dffaad3bc909145df1c3bb8c67b40c09739	20
game/tests/building_1_recognizability_capture.gd	8c2d4b4d87e70d263812c15a783576ae48b694d7ae6945cfcd3df76e74bf80e9	20530
game/tests/building_1_recognizability_capture.gd.uid	a6304801fd520574c4808677f3a7c2164fabad8fb7f1a2858cd0d6c8de93226f	19
game/tests/building_1_standalone_prototype_capture.gd	8f82d5d4f761e9eacadb8f865739692e9fd1af017b8155e734f3a1395a562339	14535
game/tests/building_1_standalone_prototype_capture.gd.uid	7e09e89f8bff0f5e8e14281ff525b65902dfc9ea98b833747aedcd93c0d30dfa	19
game/tests/fire_station_48_live_trial_removal_capture.gd	c3c5076716e2c50c33999b8bb020eea86f4b45cfd2c648e48a1d454bc2d67d7b	23294
game/tests/fire_station_48_live_trial_removal_capture.gd.uid	88eb46c4ee9e20d0aea91fd3ae81b41ec6546ff38a4336d26ab12a74d8553904	20
game/tests/full_runtime_integration.gd	65258b5649883ad31706e9f5ca11ed7fe7c3f33e20f8555c44c574a5aabc54d4	55899
game/tests/full_runtime_integration.gd.uid	57dc4a37901c0f0d8c04ca02370458a737e6c091c82cfd7b9882f9523b41edbc	20
game/tests/hawkins_facade_capture.gd	e7fa617e6350ffd9e9ea440d614a873b22ba91a00ee42fa9340d65f2a4a4f720	23711
game/tests/hawkins_facade_capture.gd.uid	a0e83c3088e41f80a4f8340447469e054a49f16346b28d8555d5c4ff80b273dd	20
game/tests/hawkins_isle_all_side_capture.gd	11e03225d2ebdc665958d63b6d9ac20bfa2dcd7c229c908dd9b527da57da98ab	19479
game/tests/hawkins_isle_all_side_capture.gd.uid	a2e2646fd51e5112d3705e9cd0b1ba5348ace80d455002c894223fab534a496d	20
game/tests/headless_accepted_material_run_trials_contract.gd	0048bfcb2b0d7588acfa6644d30d13125252ff5277d0a9a4a4f11d7964ef36db	25383
game/tests/headless_accepted_material_run_trials_contract.gd.uid	212daa926ce52e22aafb8da5dff807c683fbdc00092d7020caa58b84ce3d1af7	20
game/tests/headless_batch_02_04_material_correction_contract.gd	cf78e388b165af81ad45859a8923f6dc8446b89687ccb4beaa1113b7532ddcda	21123
game/tests/headless_batch_02_04_material_correction_contract.gd.uid	28347c8a059431f7bd4c8e7abe30b0e5433d1593a72e06e33d670134232a07d2	20
game/tests/headless_batch_02_material_contract.gd	77f811762e58a6c5b467dc5875ba22ce92a535e504559b73fc37a52e859f2321	22003
game/tests/headless_batch_02_material_contract.gd.uid	20c69e4cfcb9a488e862ea87a3fa74ac5dcf2e18ed53fff1b6e789bae24fbe48	20
game/tests/headless_batch_03_material_contract.gd	eb8120f3b1b174fd891a2113c62ee8ac0e797c23b58fe6e55babbfb06305dc8a	25544
game/tests/headless_batch_03_material_contract.gd.uid	a6d2889827fabc13b5b9fb98c8a1e48b31dc937ab5e9e5835b5b81e085ae0f34	19
game/tests/headless_batch_04_material_contract.gd	b0d09187088e4c87ac296aacc6ee51f161088e495b6f461ed8ffaab2bb9be08e	28699
game/tests/headless_batch_04_material_contract.gd.uid	0ba6767488d343d1a6bd878f958ca8fdbf6957d54738bbb36d77a8b5e0a34e99	20
game/tests/headless_batch_06_exact_receiver_trial_contract.gd	5b80ea63ca93f35f018627ba47d0cba88fde97bc866e2f8e5f1e02d76a7069e8	47202
game/tests/headless_batch_06_exact_receiver_trial_contract.gd.uid	b8ffc3424ce68c3dd6a9858ae9c40bbc3715c9700a6e03f798a011fd8d0cd337	19
game/tests/headless_batch_06_prototype_contract.gd	09cc0ed76950f32e00d26fcfae8e27cbbcb9e12dbe9619979e543238bebd692b	23731
game/tests/headless_batch_06_prototype_contract.gd.uid	efcde503e29f76cd9ae4890f21f097ed5fae5cf2c688d9dae0f64c3e6272ee99	19
game/tests/headless_building_1_exact_receiver_calibration_contract.gd	353c36ebc82d2dcacc6231f7142dbfcac7764e994de10cb17d8f1c4d0d8b135b	17780
game/tests/headless_building_1_exact_receiver_calibration_contract.gd.uid	0f094650498d4f38726c80ab2f1f1a457eff4e4e2e7cd3f715a1bea613165115	20
game/tests/headless_building_1_exact_receiver_calibration_evidence_contract.gd	8851dfbdbf46dca7031b960d94029915ca11d347e38330d86b89c2a176c85fc0	11572
game/tests/headless_building_1_exact_receiver_calibration_evidence_contract.gd.uid	8ccf83f377cd1e90c31004bb9076bd96af13e54a9bfee89eba81059ccc3e7b9f	20
game/tests/headless_building_1_exact_receiver_miter_correction_evidence_contract.gd	22b9f535ae7739105de4567e4f038e0b50c0cd66b1f1795b880d72d5749efbcc	8249
game/tests/headless_building_1_exact_receiver_miter_correction_evidence_contract.gd.uid	7ee6186188754475df81b599a237500c42ca51bb44c9d4b199e4672f9be03cf2	20
game/tests/headless_building_1_live_field_capture_evidence_contract.gd	ee17944cac7d460d124e4efcb0c96c7294275ac83396581e3338eeef53e0b09e	8365
game/tests/headless_building_1_live_field_capture_evidence_contract.gd.uid	dd2410eef5b1825c114c3f03d9e8fbe326b0448f424831a898b2cc8eb85d4087	19
game/tests/headless_building_1_live_field_integration_contract.gd	c5b6ba6bf1ecb7f1dabb3e6d1f4b92cfa5d0b117963c5ad7aa45651f782ace4d	8403
game/tests/headless_building_1_live_field_integration_contract.gd.uid	a826459db3fd5dae06f8be60fbfcad3cef521f7a40f21ee0f6ec5e885d90fb8f	20
game/tests/headless_building_1_recognizability_evidence_contract.gd	58d5d540cfa47fcd07e50cd56681bdb9d8f517433d0e4bb95b2c5202c94b2039	10937
game/tests/headless_building_1_recognizability_evidence_contract.gd.uid	72c55ae968b85d30520ec9b087e26764220f0c2aa5fb11841b541a762e0935c8	20
game/tests/headless_building_1_recognizability_live_contract.gd	1351c72755b856a8e4d4714f7a3e3eadb9f52882d8e711feac0f8d81da31f7ba	13182
game/tests/headless_building_1_recognizability_live_contract.gd.uid	f5054f28aef07d8c5a5c54cb4bbe3ddc94f91d8bd5bbb24a3b1a03134694c37e	20
game/tests/headless_building_1_standalone_capture_evidence_contract.gd	76c1232a4d695375ce9bdd2fdfd7dd5aca3b617d35bd3b4732ac9e530c72d856	9251
game/tests/headless_building_1_standalone_capture_evidence_contract.gd.uid	e15e0c954d07d91c0e45ce3068bae372e27c541734bfe3cd52fa7295384859c5	19
game/tests/headless_building_1_standalone_prototype_contract.gd	76f7f5555d0103439e19d7be9b6ad2ac292ccc02b520ab03ec1a7879d4b1f07f	17892
game/tests/headless_building_1_standalone_prototype_contract.gd.uid	b9516b133736e9d505895308a593f3cb46cdfb01b1b21d835ab1d9f839eef7a7	20
game/tests/headless_building_3_facade_contract.gd	ea4033be0692cbd2f9bcc5a8c527bc1cac1675dbc03eccdfdac600e12874e4e8	10669
game/tests/headless_building_3_facade_contract.gd.uid	4c364dc73a9102ac3b6c4fee761adca8aaaec028d3e349f72839d46cce5aa5e5	20
game/tests/headless_gameplay_contract.gd	4b1593313b520d0c9b75950f38ec7f9179247700c5589640d90dd9ad14391dbd	9558
game/tests/headless_gameplay_contract.gd.uid	5c0a83efcbf2478e00f0caea2a64a11ccdf04ebc844dcf85b4d13bbf38b4677b	20
game/tests/headless_hawkins_facade_contract.gd	9e1f3e517e42575365129aaba69286a135246080b91f95652e49a654b0b01e2e	28762
game/tests/headless_hawkins_facade_contract.gd.uid	528f41de8387aafe18e3dcb8f906684fe776b45c33a57caca7403174f069c40f	20
game/tests/headless_isle_house_facade_contract.gd	3a619dbdc811ab30bc385d0df437dd48ef1e91d2f00433b37896123bb19004cb	22512
game/tests/headless_isle_house_facade_contract.gd.uid	3f502e0a85b2aa44ed929503aa16f99713f763e68d5586eb514ea813332a543e	19
game/tests/headless_scene_parse.gd	6e11c2d649b05291e1a800497438d26a24a4cff5c67379bec66cae889d1abb1f	534
game/tests/headless_scene_parse.gd.uid	4f058c5b0b3b840e8b4f4920efaa64e21e99cd2c348f8ec7315d85ed26f575da	20
game/tests/headless_startup_configuration_contract.gd	c83702f06882cc15c61000a6f71c50cb063daabd0942b6c4d4ca08ec49fa4644	1580
game/tests/headless_startup_configuration_contract.gd.uid	e041822fd8754c68bbbb8a0d0df6329fb2c5821694b98c195a0d26ed44d581d2	20
game/tests/headless_w291196370_live_module_integration_contract.gd	f9190b252a2832b72294f0df60b4cfc474952e6be592d93c510c0b3b2cafa056	18702
game/tests/headless_w291196370_live_module_integration_contract.gd.uid	878496c3a57534b9806be92d1d4b223dc6c93f5308454656bbb03a8a89d7c7f8	19
game/tests/headless_w291196370_module_calibration_contract.gd	165ad99e589bc895350bd46840a75e6be3a5eca25efd8953a338347e8b104c27	23551
game/tests/headless_w291196370_module_calibration_contract.gd.uid	4c7258bdb90af47aea1be7b5be33a43847b3f5a43fe90bf0d67f2e7162dcb993	20
game/tests/headless_w34313515_live_module_integration_contract.gd	489b577f37e0e580c7cf10549b04a9275bf4b4eed781b0f2eabdeb3bfae45546	17311
game/tests/headless_w34313515_live_module_integration_contract.gd.uid	8cf3034be4147bcad204da03dd2503ff7e3836fd61d4de8f03678ca034888b2c	20
game/tests/headless_w34313515_module_calibration_contract.gd	33381e8e2400e48c557ff84827093bcb6fb72dfc6dbf48100714b0e4a47fa135	22126
game/tests/headless_w34313515_module_calibration_contract.gd.uid	13855893d74b8a61e28ff1a45d86368198ceaec82519041658d93ad74d07c733	19
game/tests/headless_w34313520_exact_receiver_calibration_contract.gd	604d691d86cece4fbdbadaebce509d5b869826e092be39a017a6b72db108801f	18480
game/tests/headless_w34313520_exact_receiver_calibration_contract.gd.uid	47caee39bfa17e1c0cb9ae7af4ac0424c8851621814189eb7de291e9f2250e6c	19
game/tests/headless_w34313520_live_integration_contract.gd	c6e56a741c753187e5b17a7e2e192b7ecf0ffeace47db7e4004a1e00a9f195a0	25481
game/tests/headless_w34313520_live_integration_contract.gd.uid	1b05818e6c7046836d7a0bc183f7482e28361ddf3cc4c5804707fe8f74085f74	20
game/tests/headless_w34313520_standalone_prototype_contract.gd	c099365a5330330e60d6950d5951fb0ea4aecba6df18732454cf8697a94e1cf6	15205
game/tests/headless_w34313520_standalone_prototype_contract.gd.uid	40277d0a98d02c579ee4b913d08ba8e669993fb4bfc5f3376b0ec7fd96cf17cc	20
game/tests/headless_w34313525_exact_receiver_calibration_capture_evidence_contract.gd	e6e55f493eeecdbeb4baa2589c3dc2a5e8b1a134b7fce9d5898d9dfe66d9ddd8	6650
game/tests/headless_w34313525_exact_receiver_calibration_capture_evidence_contract.gd.uid	c92c0629131a47602770738690a99e800ea952b9d4d5345b5554833c6f4770e3	20
game/tests/headless_w34313525_exact_receiver_calibration_contract.gd	e4e2334d3011e2ce5579fbb07b42dd578b364df2c2a5de34098cb2be8c31f3f2	18265
game/tests/headless_w34313525_exact_receiver_calibration_contract.gd.uid	7768cf10f26cd05352d05833b566efa5293f71ce60ece542c8ed7a530cff64dc	20
game/tests/headless_w34313525_live_capture_evidence_contract.gd	f96435456b7ba915a774de112ef546a94de47d6bf53b4f067cf1e764757efa1a	6272
game/tests/headless_w34313525_live_capture_evidence_contract.gd.uid	8f9c39f8af514ad796d64b93468b9c143de6aaf2eda34992e33b885dbaeee523	20
game/tests/headless_w34313525_live_integration_contract.gd	7b06db829ae3663659e448c386bbaf8a7138d42e27abecbbe9220d1577303cc4	20420
game/tests/headless_w34313525_live_integration_contract.gd.uid	65e278062b532b23454efbc0a1a5f3a03734b315c54003c753034a8b39d61a97	19
game/tests/headless_w34313525_standalone_capture_evidence_contract.gd	585b049e62516dee44d634dd6031cc18c81b09204093122715b3ddd4d2f65000	13113
game/tests/headless_w34313525_standalone_capture_evidence_contract.gd.uid	6ad29bc99009c898e5df0c8f46d19349da765b49e726fc4c0fc52471d00a84b8	19
game/tests/headless_w34313525_standalone_prototype_contract.gd	211f348c411e1e716d2477e63d53f7764421dd4179d6e3f14133badad5b56cef	19233
game/tests/headless_w34313525_standalone_prototype_contract.gd.uid	cb92770d0f1b82ac5ee7f1f531ec10bf4412305cec9c82e78b2a35f4a6f68a0f	20
game/tests/headless_w34313564_live_module_integration_contract.gd	7b0778331d0c8d2517c5898478b9594ae067b4efca8b6373cc59651e1adf31aa	18395
game/tests/headless_w34313564_live_module_integration_contract.gd.uid	12d716b268d406ca3992abedcadd209f54173b4cbb81acec778737829ab3f43a	19
game/tests/headless_w34313564_module_calibration_contract.gd	bddaee8af0d61fb89ad4c25ee643ba6328d82e374b606438625f137353fa9439	25935
game/tests/headless_w34313564_module_calibration_contract.gd.uid	baef4377ca20d7c122501aede497c63158030d42d99347b4751673a79de0668d	20
game/tests/headless_world_material_contract.gd	d448ed1518c359f8b0c0d94757e9a8e1a9e227cf01905db0cb97122d8310bab3	7549
game/tests/headless_world_material_contract.gd.uid	9f617d7b0529f702c907e85fc06c8cb6654fd1a0f3b1cbc6d8d98f0afe8074dd	19
game/tests/headless_ymca_wall_tangent_projection_contract.gd	4ca849bc358ebc612fbf11b79902cbaf8d13d99b81bd4450b8958421b0c872d7	12175
game/tests/headless_ymca_wall_tangent_projection_contract.gd.uid	41b3df6ef38de902efa73b9ce39964d6e7a0ea4b569db36800d1dc775591105d	20
game/tests/mounted_pck_content_audit.gd	8a48c8ffc55d122fc934136d9d1c1c2439e1dc5b3ced7e3bb9f9ab790b60be18	28518
game/tests/mounted_pck_content_audit.gd.uid	ad34b932ff73716b1553a9a7d96fd3e35f45b7d891e0daa83ccb185875fe654e	20
game/tests/next_cohort_facade_capture.gd	8efb1c9d51934444d4e6dd105a01a16a05e6c3d176e0341de64f939c82234e33	21522
game/tests/next_cohort_facade_capture.gd.uid	c980a659b4221b2210ee64e53ba53ce8121ca2718e5a5453c4a69dc58023540a	19
game/tests/regional_qa_anchors.gd	6b338fcdef47d0c83d72333fc85484ad4b0992986f93edea1011170b16cb171e	1457
game/tests/regional_qa_anchors.gd.uid	0d85cb550f1a58d52d34d9043d9910cc4a870e7374799a6118040ef077d77b14	20
game/tests/rendered_visual_evidence_capture.gd	178c604f03c9e0cf5f068cf7e2ed30ce8b0b8890362c8a8fba9b824629cbbc6c	63574
game/tests/rendered_visual_evidence_capture.gd.uid	45cf4e7b59e99b6113a9cfe42fe0796fc769eba80ed3bfe1e37e8d7f45b817f3	18
game/tests/support/building_1_exact_receiver_calibration.gd	3a494ba38436b9f68ad02ddaf4e454a0a53c84a777a2999111a67dcc55dae75c	21337
game/tests/support/building_1_exact_receiver_calibration.gd.uid	4ee333ba52640daeaeb4e608c0809dca812cff8365a35d88d4098ad415107819	20
game/tests/support/w291196370_module_calibration.gd	ba621cffc5ee155e8b7c7338c3b5d444d1180dad6dbe11528219ada6de05dfdf	12785
game/tests/support/w291196370_module_calibration.gd.uid	3f992bb86d169e2661ed7e3d4dc360cefd9c3733863d30d6444f74b4fa26bba6	20
game/tests/support/w34313515_module_calibration.gd	1edfdf4b736a7b1cc2883569a4c09b48814cabf30e3056e9dac86152de22d5f1	10938
game/tests/support/w34313515_module_calibration.gd.uid	4edfe59c162abd82679066774e1388e36f249fad5ca85fdc76f940590466c80e	20
game/tests/support/w34313520_exact_receiver_calibration.gd	d747d9f9ca5798b09909efeeb930cdee119f1b3c310e95f9a2c426a3ee6ceea4	13518
game/tests/support/w34313520_exact_receiver_calibration.gd.uid	cfecd3cd724eb975a40e2bfb752a7cbf270db947ca5d9580ca6bfdb18a2b9f97	20
game/tests/support/w34313525_exact_receiver_calibration.gd	a9ff1f94274509cdb39c6208117c59b84ba67598ff8a59a1eb57bf30a4b03532	16425
game/tests/support/w34313525_exact_receiver_calibration.gd.uid	970211ebaaa5f6dcc8d28f328c3ba9ebc4959c18f517d2d9fc822e3c00df46a9	19
game/tests/support/w34313564_module_calibration.gd	b49b8c20fbbe40f2728c0acadf8d53f0593856091e6df897a613d4f2f8680b71	11102
game/tests/support/w34313564_module_calibration.gd.uid	2dce4a7db2e77ad7cca79f5619f66acec7b489095a227c4d4250449eb52ccc5b	20
game/tests/validate_generated_world.gd	7562be7d4843cee75b9c73245ea9ecc1a41ca96c020f7fb909f73ab43346d286	1038
game/tests/validate_generated_world.gd.uid	752e9046ddadf22df0605d7b1a1048ac268d4e435db0597199646bb4d956e3ee	20
game/tests/w291196370_live_module_integration_capture.gd	d847369ac0cd46006b1b1cd294a779d9faea3c1d0c60376ec76338fbc915f941	25528
game/tests/w291196370_live_module_integration_capture.gd.uid	1c86bb0c2402718548b7c4d7e42a1fb818d7a325f83a79158f5ac15f99fe23cb	20
game/tests/w291196370_module_calibration_capture.gd	1235fa9e8f67cf483b120986b29692a608b8c61861d16c095418d959fdf42329	21658
game/tests/w291196370_module_calibration_capture.gd.uid	c5ce2cb31350414028f7d47e8db789d18a2035c8bee892999c9e03887e46819d	20
game/tests/w34313515_live_module_integration_capture.gd	d912653eb42a35bbc4d6a976fee0a1c87a6a13b271d7b08fd8eec0808f9196b0	23580
game/tests/w34313515_live_module_integration_capture.gd.uid	0b39528df010f1ab531942576757d742eda1b8d48def122597e1c9fa74be03f8	20
game/tests/w34313515_module_calibration_capture.gd	32a953c330a3e23588004b99e8e1a2f5318778ae7ba2d2c0d478a9d9850cdab3	19696
game/tests/w34313515_module_calibration_capture.gd.uid	16323ea4e601fc340fd256d5d09825dc51a3d7c1811d4ca219b6272ec1b7eda2	20
game/tests/w34313520_exact_receiver_calibration_capture.gd	3160ba6ebffc83eef0cb738d3845d807906ca732616bb0026f232ec469e32c0a	20596
game/tests/w34313520_exact_receiver_calibration_capture.gd.uid	a6b7e27fe372333bd583c2c22a59415e9efd9e46d20c86bc4a02acedbb28825b	20
game/tests/w34313520_live_integration_capture.gd	81742b13399b62ddacf1d395468d216732f7042ddc4c19a3dae7f6d99da46095	23063
game/tests/w34313520_live_integration_capture.gd.uid	39ecc50c47cdc6058dda30ff125b84bbb8c6899de85db96bfb934f2423880b81	20
game/tests/w34313520_standalone_prototype_capture.gd	165cb69bba2629e698110755cc0653d53388592ddf816f5f35560b7102dac671	12163
game/tests/w34313520_standalone_prototype_capture.gd.uid	68f122de4ef5cc60e939d8894d319886444059cfdc50a6286843e3c64e9920ab	20
game/tests/w34313525_exact_receiver_calibration_capture.gd	a963cdf2669f126bfb36b15c63ff63a792d3a618d2b2cd53fc86625230a98d1a	21540
game/tests/w34313525_exact_receiver_calibration_capture.gd.uid	0c3e96ab32a94e340aa0beebfff5aad18734ad8cb2e70fa9728f096f8bde1de4	20
game/tests/w34313525_live_integration_capture.gd	be55d0d2bc2a3d43c7498d80ffd2a36e5709dc119b820c872b0c570fa98f587e	25495
game/tests/w34313525_live_integration_capture.gd.uid	d4a1d932db4febdb3ed52476ff43057dd5cd4c8b3450f70bcefabfc5dc9eb10e	20
game/tests/w34313525_standalone_prototype_capture.gd	29b99ae3c159aceb79b4037a9419d80ec233b6ab0f018bc3d2bcabf19cb0b538	13333
game/tests/w34313525_standalone_prototype_capture.gd.uid	80f4a74d9404750c98d6d77a4e701132240e2d86fb0862056cb892692e7d96ff	20
game/tests/w34313564_live_module_integration_capture.gd	87f390e167787e3ce8acbe5ed34c87b23cd8b07cf120a17c15a6318edccdbfd5	22735
game/tests/w34313564_live_module_integration_capture.gd.uid	736c7c567e059576ddcab2d34f835149c58a1bfd70b7fec3828dd78e03a88f0a	20
game/tests/w34313564_module_calibration_capture.gd	bab5f271ed212b048742096585baee90126d2356f4564c8083ab1e61d7c49fe9	18054
game/tests/w34313564_module_calibration_capture.gd.uid	0137d425c798c1031e614707fcb267ef292c1250b4bd1e70ef4f31e3e02e8340	19
game/tests/w34313564_module_calibration_correction_capture.gd	d73e083b251b1c19f93f4e5c6be48cd311d4b73f6ad7a270d165466ace3857e2	20752
game/tests/w34313564_module_calibration_correction_capture.gd.uid	d1f15708ac1623207cc8708615fa2c1fe3bf68b7838a58c2e14559c57e57861e	20
game/tests/ymca_exact_run_trial_capture.gd	256858530eed15d26844e61a2615fb6a14f3b19ba0e70afb43ced83a48cd4023	30411
game/tests/ymca_exact_run_trial_capture.gd.uid	298bf6242c97b138017fd6e3ae5015a97629969652f48e746905847276cab2c2	20
generated/.gdignore	1ee408b984c8af4c8c2439ef81a5965f9a5628627ef04fe6be4a8928ad1d5aa7	149
generated/world/chunks/x_-1__z_-1.json	5e3b7efb7a2c61e1092c6a42ca9c04212c7d2603890b7a3f4c5e46777005f17b	448596
generated/world/chunks/x_-1__z_-2.json	09f3b10d05f8852964d935a87899fc95a38304fac9d7078c65597a10e66da973	177573
generated/world/chunks/x_-1__z_-3.json	d82a0767672898b348115d9df812a1a33bee96bca0d5d58713c52087591011bc	583940
generated/world/chunks/x_-1__z_-4.json	bb21618ff0bc88549e3a600d981880415817747475c2c3a0d368a7da8db4d3ac	290278
generated/world/chunks/x_-1__z_0.json	b935890b89202fa181248552176364668e506a7630f0024ec86f12a084743d86	469613
generated/world/chunks/x_-1__z_1.json	b8696d4feb4157d39969ec039e610af572f25510d712c802d4a96943d6069c8c	534226
generated/world/chunks/x_-1__z_2.json	dab2fba3bc12f82ae84be88d54b01dbfe4f2ae20948e8776e59e01fc1c482dce	578300
generated/world/chunks/x_-1__z_3.json	a67aa41bbab215a4b5675d82bcad71de8650fc6379a189ce7ed571a169220403	331250
generated/world/chunks/x_-2__z_-1.json	6de57eb30f5771f43b33d7b71b53952be5ea6ec17706102be634a781152a3ee2	911426
generated/world/chunks/x_-2__z_-2.json	3a07310461da7d9e76667412c6ca18dac8bdea89923cd8392436421882132ef9	644248
generated/world/chunks/x_-2__z_-3.json	7426b8fa948fa7bc002d5c114c8d91671743926e7f50a7e4bf937bcdd9e141c5	650675
generated/world/chunks/x_-2__z_-4.json	932c924b845a382d746e7900710c0c4e8b7603ab205cb07173ad51933c1341b4	189757
generated/world/chunks/x_-2__z_0.json	3e7d1cb020d4a8f8a2852121a181a1e2d441fee40de42d744d37fbbcba59168b	592643
generated/world/chunks/x_-2__z_1.json	9d57b616cbaadb18c5d6ac0c61493385746e858f9073f2b0bb74e609287dd56e	174393
generated/world/chunks/x_-2__z_2.json	5125928d9ecb21597f2cebf3f21780b9914aa2c752fca923cfbb21f72aadceb0	2746
generated/world/chunks/x_-3__z_-1.json	e45c1670c1714cbb982a14a809054a640e53f9a4add5e3c6080a0f98efb877d2	251083
generated/world/chunks/x_-3__z_-2.json	35bf23d64e860d39c5b79a98be7830f4f477143f7e9490c6739dec0627062d11	428788
generated/world/chunks/x_-3__z_-3.json	7f0ecd2e16fe4327f351496ed8c2f8640d68278fbaf33d428b6314ec862d9944	274162
generated/world/chunks/x_-3__z_-4.json	6256caf542398f17a6ff1e5572657bd5081fee32a7655281a5a8f026f21b3f98	10079
generated/world/chunks/x_-3__z_0.json	1cd2caaf02334a9aa39228e681a85b659b6da8e5fda3e7a875126071260ee74c	11556
generated/world/chunks/x_0__z_-1.json	52ab0da6e6598839261e4b65ce7fadee9bac1b5c727210dccd6b2f7cb962331e	306658
generated/world/chunks/x_0__z_-2.json	c0e1f86787410d975ad90272482e5f4971c4aedc7eb83132cd28b22acf1a3456	262873
generated/world/chunks/x_0__z_-3.json	6dfa4b8f4b91f309b313428829e37cedd13e4067ff94f896a8e2e5ef05002a1d	215303
generated/world/chunks/x_0__z_-4.json	b9ed8d18acdcfe4f89e3d7fb1d69c11ba7152e174398c0943bfe295be2b12954	132875
generated/world/chunks/x_0__z_0.json	ce3f058affe28f4d4040a2f50a68e2f3f8c0fae667fbf969d233dadfd486add8	245112
generated/world/chunks/x_0__z_1.json	a35f63a877588d198e0e905167968bf9948f4616c16e708a6799d0e6c1bde00a	418952
generated/world/chunks/x_0__z_2.json	886f4e6ecfbf570dac9cb36f682a089a0cfe51b735692e3220df4d5b4ac3d7b6	324880
generated/world/chunks/x_0__z_3.json	9c5bbebdee1c652f780d5315f14afa65313226d31119bd98d856853e5785c706	118331
generated/world/chunks/x_1__z_-1.json	a952756b1c6d8d547669dffb89723c2be81d6c9a4b3afd2ae7f2dc3702a82b0d	199328
generated/world/chunks/x_1__z_-2.json	432cac0daf8d91ec5c642e040fac0a1f3f65053daca722a07fa0062744d18828	479124
generated/world/chunks/x_1__z_-3.json	c7413816a37f78f146cd9ac7c3b5aa0e24e59718342a78c98b85fda74531cd0a	43919
generated/world/chunks/x_1__z_0.json	a952e4b16557561f6d8655e20d2c3d02041f859110f1c37d4693acc9952d59f3	119327
generated/world/chunks/x_1__z_1.json	784d89c2ac1392f5ff329b8c6c437ad9050363e9f00b4f993dd9d378851f1758	125231
generated/world/chunks/x_1__z_2.json	0f1bde8bde1f436e060699852dc4651454f793097b3970712de6fed2180f3b42	180246
generated/world/chunks/x_2__z_-1.json	f4f429d2832f36e43af2c3d612ffa131532b162dd63318bfd6f543f2810a1a64	72444
generated/world/chunks/x_2__z_0.json	759351dd4738afa37068dc14ea312a201251be566092c0cc5bab531c949a567d	120345
generated/world/chunks/x_2__z_1.json	3d32a78267ae574cc6353e20122791269beb5bddbc13b2ae16afd22cc72a80b9	105136
generated/world/chunks/x_2__z_2.json	f6fd17666df382f89b51dff1b5a3b906e1c17fdc36d4af3e1aa4ecf4aad817a5	31489
generated/world/context.json	4008473d014530211eba8e77e5b6f3ebe977c283a4750bacb57d6739b239a037	675130
generated/world/coverage-ledger.csv	3b4652e0f333d89c5994dd644873b75dd05c1068334f87235cd958177658bb2a	156280
generated/world/coverage-summary.json	9bd70dce7cbe0080ebebe15cd9d30a98f4396727260d92adf6ed3d96bc2a68a6	81538
generated/world/logical-objects.json	5a74a80a7930ef8edfbea4f7c3a15a509d38e59b64e55d17a26ea1061137ba11	1285299
generated/world/manifest.json	e501236d0908a1a1fd41b3973e7adbd3e94d32bb658cc3f1e44f7731f00a1fb3	27087
generated/world/qa/pavement-skin.json	60c143462e20c6ca28ed5f096dd88997b5f8dc313c55e123f56edbfdad6b077d	23820
generated/world/qa/validation-report.json	afe1d34d0c743c9a16f058b8613f4276bd44ee7bddc3cd062657dfe65304e7a9	3142
generated/world/terrain.json	f2399e68640e92003d40f26362515902bada52838545b9b40271ffe21774d167	4599
generated/world/vegetation.json	e843ac78c4f5ba769241f330f83b41fd8431fbe06073c9ffd4907c413baad32f	89950
project.godot	305bfb3bf0493c485f48ea8a01d4effccb58d9dd74ad6dc9be78a64ed23981af	4962
source_assets/vegetation/naip_2022/ARTIFACT_HASHES.md	c3a5a4b673fcb697a39ee4f29eea7cff52eb42c3cbd26126b3b378b34a97a9fa	1807
source_assets/vegetation/naip_2022/REVIEW_SUMMARY.md	c5d5731b411c48883b116be8d515fd8692c69ecd6251b4b2292a16c4d1149da5	3391
source_assets/vegetation/naip_2022/naip_vs_generated_vegetation_review.png	f70afb04fb47a8e1ebe228ef4c5577a3a2ad87c1403eb77f8ea1e5c42c950656	289249
source_assets/vegetation/naip_2022/naip_vs_generated_vegetation_review.png.import	bd37cbaf7c02ec09dc7846fef8335cc297822013b0b94e84f262349f567d990b	1044
source_assets/vegetation/naip_2022/naip_vs_generated_vegetation_review.svg	20947c954e21056daecd71c5ef67f23e30a8c23444b9041e1ab156e383b3c041	27891
source_assets/vegetation/naip_2022/naip_vs_generated_vegetation_review.svg.import	303aae4297a4c3568a8f9033a92ea608bf36939eb46880bfcbce1570a9616c83	1141
source_assets/vegetation/naip_2022/treasure_island_footprint.geojson	743dee7cbb306ef25b520eec8b25394f94d339fde61163e142d758842e4985f0	12596
source_assets/vegetation/naip_2022/tree_annotations_candidate.geojson	03f858180c6ff0d25b974b1fbb0fc82a91139afe91e83b2e3291ef2dd49ade11	63633
source_assets/vegetation/naip_2022/tree_annotations_rejection_audit.geojson	d284eb2eb5cb6ae59b56d3242786644c0e0b63c6b3fd36013daef3bcb04183d3	30925
source_assets/vegetation/naip_2022/tree_annotations_review.png	b0d5002aad7730ca78a9aeb1c699f4c2c6885505fae9080f8924e1c2a3dd75d7	347824
source_assets/vegetation/naip_2022/tree_annotations_review.png.import	bdc824a0cd8a8e46203d0a972d0300136b922fe51698cac9b72dfe8f9ccbba12	1008
source_assets/vegetation/naip_2022/tree_annotations_review.svg	c2268396e2015797f182d622a0ba2021e1b78e11bf37fbf35947f1de41f238e1	13469
source_assets/vegetation/naip_2022/tree_annotations_review.svg.import	7b7261a2c1e554672892c6a1c886b4b278dbbfcb87f710b59a6efab0d4c74e59	1105
source_assets/vegetation/naip_2022/validation_report.json	6a78234bad24ee94fe680d89e9426db7f56a6f29913bc6da95ac20cb02c25ba7	580
