path	sha256	bytes
chunks/x_-1__z_-1.json	5e3b7efb7a2c61e1092c6a42ca9c04212c7d2603890b7a3f4c5e46777005f17b	448596
chunks/x_-1__z_-2.json	09f3b10d05f8852964d935a87899fc95a38304fac9d7078c65597a10e66da973	177573
chunks/x_-1__z_-3.json	d82a0767672898b348115d9df812a1a33bee96bca0d5d58713c52087591011bc	583940
chunks/x_-1__z_-4.json	bb21618ff0bc88549e3a600d981880415817747475c2c3a0d368a7da8db4d3ac	290278
chunks/x_-1__z_0.json	b935890b89202fa181248552176364668e506a7630f0024ec86f12a084743d86	469613
chunks/x_-1__z_1.json	b8696d4feb4157d39969ec039e610af572f25510d712c802d4a96943d6069c8c	534226
chunks/x_-1__z_2.json	dab2fba3bc12f82ae84be88d54b01dbfe4f2ae20948e8776e59e01fc1c482dce	578300
chunks/x_-1__z_3.json	a67aa41bbab215a4b5675d82bcad71de8650fc6379a189ce7ed571a169220403	331250
chunks/x_-2__z_-1.json	6de57eb30f5771f43b33d7b71b53952be5ea6ec17706102be634a781152a3ee2	911426
chunks/x_-2__z_-2.json	3a07310461da7d9e76667412c6ca18dac8bdea89923cd8392436421882132ef9	644248
chunks/x_-2__z_-3.json	7426b8fa948fa7bc002d5c114c8d91671743926e7f50a7e4bf937bcdd9e141c5	650675
chunks/x_-2__z_-4.json	932c924b845a382d746e7900710c0c4e8b7603ab205cb07173ad51933c1341b4	189757
chunks/x_-2__z_0.json	3e7d1cb020d4a8f8a2852121a181a1e2d441fee40de42d744d37fbbcba59168b	592643
chunks/x_-2__z_1.json	9d57b616cbaadb18c5d6ac0c61493385746e858f9073f2b0bb74e609287dd56e	174393
chunks/x_-2__z_2.json	5125928d9ecb21597f2cebf3f21780b9914aa2c752fca923cfbb21f72aadceb0	2746
chunks/x_-3__z_-1.json	e45c1670c1714cbb982a14a809054a640e53f9a4add5e3c6080a0f98efb877d2	251083
chunks/x_-3__z_-2.json	35bf23d64e860d39c5b79a98be7830f4f477143f7e9490c6739dec0627062d11	428788
chunks/x_-3__z_-3.json	7f0ecd2e16fe4327f351496ed8c2f8640d68278fbaf33d428b6314ec862d9944	274162
chunks/x_-3__z_-4.json	6256caf542398f17a6ff1e5572657bd5081fee32a7655281a5a8f026f21b3f98	10079
chunks/x_-3__z_0.json	1cd2caaf02334a9aa39228e681a85b659b6da8e5fda3e7a875126071260ee74c	11556
chunks/x_0__z_-1.json	52ab0da6e6598839261e4b65ce7fadee9bac1b5c727210dccd6b2f7cb962331e	306658
chunks/x_0__z_-2.json	c0e1f86787410d975ad90272482e5f4971c4aedc7eb83132cd28b22acf1a3456	262873
chunks/x_0__z_-3.json	6dfa4b8f4b91f309b313428829e37cedd13e4067ff94f896a8e2e5ef05002a1d	215303
chunks/x_0__z_-4.json	b9ed8d18acdcfe4f89e3d7fb1d69c11ba7152e174398c0943bfe295be2b12954	132875
chunks/x_0__z_0.json	ce3f058affe28f4d4040a2f50a68e2f3f8c0fae667fbf969d233dadfd486add8	245112
chunks/x_0__z_1.json	a35f63a877588d198e0e905167968bf9948f4616c16e708a6799d0e6c1bde00a	418952
chunks/x_0__z_2.json	886f4e6ecfbf570dac9cb36f682a089a0cfe51b735692e3220df4d5b4ac3d7b6	324880
chunks/x_0__z_3.json	9c5bbebdee1c652f780d5315f14afa65313226d31119bd98d856853e5785c706	118331
chunks/x_1__z_-1.json	a952756b1c6d8d547669dffb89723c2be81d6c9a4b3afd2ae7f2dc3702a82b0d	199328
chunks/x_1__z_-2.json	432cac0daf8d91ec5c642e040fac0a1f3f65053daca722a07fa0062744d18828	479124
chunks/x_1__z_-3.json	c7413816a37f78f146cd9ac7c3b5aa0e24e59718342a78c98b85fda74531cd0a	43919
chunks/x_1__z_0.json	a952e4b16557561f6d8655e20d2c3d02041f859110f1c37d4693acc9952d59f3	119327
chunks/x_1__z_1.json	784d89c2ac1392f5ff329b8c6c437ad9050363e9f00b4f993dd9d378851f1758	125231
chunks/x_1__z_2.json	0f1bde8bde1f436e060699852dc4651454f793097b3970712de6fed2180f3b42	180246
chunks/x_2__z_-1.json	f4f429d2832f36e43af2c3d612ffa131532b162dd63318bfd6f543f2810a1a64	72444
chunks/x_2__z_0.json	759351dd4738afa37068dc14ea312a201251be566092c0cc5bab531c949a567d	120345
chunks/x_2__z_1.json	3d32a78267ae574cc6353e20122791269beb5bddbc13b2ae16afd22cc72a80b9	105136
chunks/x_2__z_2.json	f6fd17666df382f89b51dff1b5a3b906e1c17fdc36d4af3e1aa4ecf4aad817a5	31489
context.json	4008473d014530211eba8e77e5b6f3ebe977c283a4750bacb57d6739b239a037	675130
coverage-ledger.csv	3b4652e0f333d89c5994dd644873b75dd05c1068334f87235cd958177658bb2a	156280
coverage-summary.json	9bd70dce7cbe0080ebebe15cd9d30a98f4396727260d92adf6ed3d96bc2a68a6	81538
logical-objects.json	5a74a80a7930ef8edfbea4f7c3a15a509d38e59b64e55d17a26ea1061137ba11	1285299
qa/pavement-skin.json	60c143462e20c6ca28ed5f096dd88997b5f8dc313c55e123f56edbfdad6b077d	23820
qa/validation-report.json	afe1d34d0c743c9a16f058b8613f4276bd44ee7bddc3cd062657dfe65304e7a9	3142
terrain.json	f2399e68640e92003d40f26362515902bada52838545b9b40271ffe21774d167	4599
vegetation.json	e843ac78c4f5ba769241f330f83b41fd8431fbe06073c9ffd4907c413baad32f	89950
pck_sha256	f5a95cc910aeb0a3ed01a98beeaaa3e39126ae590b2ad75ded4d7869eaf30668	55816132
pck_directory_entries	574
generated_world_files	47
manifest_sha256	e501236d0908a1a1fd41b3973e7adbd3e94d32bb658cc3f1e44f7731f00a1fb3	27087
content_sha256	01af105e30acd8fbddbb69ace1bffdefdf1174dd1f7ee8e66b1fc8808eee7164	46 descriptors
result	PASS
