20_old_pck_mounted_audit	exit=1	classification=expected_negative_repository_cwd_mount_boundary
21_old_pck_mounted_audit_empty_cwd	exit=1	classification=expected_negative_historical_pck_banned_node_modules
24_fresh_export	exit=0	classification=superseded_candidate_1_export	superseded_by=45
25_independent_pck_content	exit=0	classification=superseded_candidate_1_pass	superseded_by=47
26_bundle_inventory	exit=0	classification=superseded_candidate_1_pass	superseded_by=49
27_plist_privacy_architecture	exit=0	classification=diagnostic_invalid_aggregate_importerror_no_semantic_privacy_pass	superseded_by=28,52
28_plist_privacy_architecture_failfast	exit=0	classification=superseded_candidate_1_failfast_pass	superseded_by=52
29_codesign	exit=0	classification=superseded_candidate_1_pass_raw_log_private_preserved_not_published	superseded_by=54
30_extended_attributes	exit=0	classification=superseded_candidate_1_pass	superseded_by=55
31_fresh_pck_mounted_audit	exit=0	classification=superseded_candidate_1_pass	superseded_by=56
32_packaged_headless_smoke	exit=1	classification=superseded_candidate_1_export_guard_failure	superseded_by=57
45_candidate_2_export	exit=0	classification=authoritative_candidate_2_pass
46_candidate_2_independent_pck_parse	exit=1	classification=diagnostic_wrong_descriptor_separator	superseded_by=47
47_candidate_2_independent_pck_parse_corrected	exit=0	classification=authoritative_candidate_2_pass
48_candidate_2_bundle_inventory	exit=1	classification=diagnostic_verifier_assignment_typo	superseded_by=49
49_candidate_2_bundle_inventory_corrected	exit=0	classification=authoritative_candidate_2_pass
50_candidate_2_plist_privacy_architecture	exit=1	classification=diagnostic_zero_match_pipefail	superseded_by=52
51_candidate_2_plist_privacy_architecture_corrected	exit=1	classification=diagnostic_zero_match_pipefail	superseded_by=52
52_candidate_2_plist_privacy_architecture_final	exit=0	classification=authoritative_candidate_2_pass
53_candidate_2_codesign	exit=1	classification=diagnostic_early_pipe_cdhash_extraction	superseded_by=54
54_candidate_2_codesign_final	exit=0	classification=authoritative_candidate_2_pass
55_candidate_2_extended_attributes	exit=0	classification=authoritative_candidate_2_pass
56_candidate_2_mounted_pck_audit	exit=0	classification=authoritative_candidate_2_pass
57_candidate_2_packaged_headless_smoke	exit=0	classification=authoritative_candidate_2_pass
58_candidate_2_native_metal_smoke	exit=70	classification=diagnostic_prelaunch_process_scan_abort_no_candidate_launch	superseded_by=59
59_candidate_2_native_metal_smoke	exit=1	classification=first_retained_native_timeout_after_world_visual_movement_readiness	successor=60_identical_warm_state_pass
60_candidate_2_native_metal_smoke_warm_rerun	exit=0	classification=authoritative_warm_state_native_pass
61_candidate_2_post_export_source_classification	exit=0	classification=authoritative_post_export_source_classification_at_round_end
62_candidate_2_final_artifact_recheck	exit=0	classification=authoritative_candidate_2_identity_recheck
63_final_repository_and_process_state	exit=0	classification=authoritative_round_end_state_at_capture_time
64_checksum_verification	exit=0	classification=pre_sanitization_ledger_integrity_pass	superseded_by=regenerated_checksums_sha256
