03_startup_configuration	exit=0	classification=historical_pre_export_pass
04_scene_parse	exit=0	classification=historical_pre_export_pass
05_gameplay_contract	exit=0	classification=historical_pre_export_pass
06_world_material_contract	exit=0	classification=historical_pre_export_pass
07_validate_generated_world	exit=0	classification=historical_pre_export_pass
08_node_world_validator	exit=0	classification=historical_pre_export_pass
09_hawkins_facade	exit=1	classification=historical_obsolete_assertion	superseded_by=35,36,37,38,39
10_building_1_live	exit=0	classification=historical_pre_guard_pass	superseded_by=35
11_building_1_evidence	exit=0	classification=historical_pre_guard_pass	superseded_by=36
12_batch_06_exact_receiver	exit=0	classification=historical_pre_guard_pass	superseded_by=37
13_accepted_material_runs	exit=0	classification=historical_pre_guard_pass	superseded_by=38
14_visual_harness_check_only	exit=0	classification=historical_pre_guard_pass	superseded_by=41
15_ymca_wall_tangent	exit=0	classification=authoritative_focused_pass
16_full_runtime_integration	exit=0	classification=historical_pre_guard_pass	superseded_by=39
17_normal_route	exit=0	classification=historical_pre_guard_pass	superseded_by=42
18_whole_island_route	exit=0	classification=historical_pre_guard_pass	superseded_by=43
22_post_export_filter_import_refresh	exit=0	classification=intermediate_filter_pass	superseded_by=40
23_source_mac_export_smoke	exit=0	classification=intermediate_source_smoke_pass	superseded_by=44
33_export_hash_guard_import_refresh	exit=0	classification=intermediate_guard_refresh_pass	superseded_by=40
34_batch_06_after_export_guard	exit=1	classification=diagnostic_stale_test_hash_pin	superseded_by=37
35_building_1_live_after_export_guard	exit=0	classification=authoritative_current_source_pass
36_building_1_evidence_after_export_guard	exit=0	classification=authoritative_current_source_pass
37_batch_06_after_pin_update	exit=0	classification=authoritative_current_source_pass
38_accepted_material_after_export_guard	exit=0	classification=authoritative_current_source_pass
39_full_runtime_after_export_guard	exit=0	classification=authoritative_current_source_pass
40_final_import_refresh	exit=0	classification=authoritative_current_source_pass
41_visual_harness_check_only_after_export_guard	exit=0	classification=authoritative_current_source_pass
42_normal_route_after_export_guard	exit=0	classification=authoritative_current_source_pass
43_whole_island_route_after_export_guard	exit=0	classification=authoritative_current_source_pass
44_source_mac_export_smoke_after_export_guard	exit=0	classification=authoritative_current_source_pass
